{
    "$schema": "https://schema.management.azure.com/schemas/2015-01-01/deploymentTemplate.json#",
    "contentVersion": "1.0.0.0",
    "parameters": {
        "virtualNetworks_smartscheduler_vnet_name": {
            "defaultValue": "smartscheduler-vnet",
            "type": "String"
        },
        "routeTables_smartscheduler_ase_Route_Table_name": {
            "defaultValue": "smartscheduler-ase-Route-Table",
            "type": "String"
        },
        "networkSecurityGroups_smartscheduler_ase_NSG_name": {
            "defaultValue": "smartscheduler-ase-NSG",
            "type": "String"
        }
    },
    "variables": {},
    "resources": [
        {
            "type": "Microsoft.Network/networkSecurityGroups",
            "apiVersion": "2019-09-01",
            "name": "[parameters('networkSecurityGroups_smartscheduler_ase_NSG_name')]",
            "location": "centralus",
            "tags": {
                "displayName": "NSG - Subnet"
            },
            "properties": {
                "securityRules": [
                    {
                        "name": "Inbound-management",
                        "properties": {
                            "description": "Used to manage ASE from public VIP",
                            "protocol": "*",
                            "sourcePortRange": "*",
                            "destinationPortRange": "454-455",
                            "sourceAddressPrefix": "AppServiceManagement",
                            "destinationAddressPrefix": "*",
                            "access": "Allow",
                            "priority": 100,
                            "direction": "Inbound",
                            "sourcePortRanges": [],
                            "destinationPortRanges": [],
                            "sourceAddressPrefixes": [],
                            "destinationAddressPrefixes": []
                        }
                    },
                    {
                        "name": "Inbound-load-balancer-keep-alive",
                        "properties": {
                            "description": "Allow communication to ASE from Load Balancer",
                            "protocol": "*",
                            "sourcePortRange": "*",
                            "destinationPortRange": "16001",
                            "sourceAddressPrefix": "AzureLoadBalancer",
                            "destinationAddressPrefix": "*",
                            "access": "Allow",
                            "priority": 105,
                            "direction": "Inbound",
                            "sourcePortRanges": [],
                            "destinationPortRanges": [],
                            "sourceAddressPrefixes": [],
                            "destinationAddressPrefixes": []
                        }
                    },
                    {
                        "name": "ASE-internal-inbound",
                        "properties": {
                            "description": "ASE-internal-inbound",
                            "protocol": "*",
                            "sourcePortRange": "*",
                            "destinationPortRange": "*",
                            "sourceAddressPrefix": "192.168.250.0/24",
                            "destinationAddressPrefix": "*",
                            "access": "Allow",
                            "priority": 110,
                            "direction": "Inbound",
                            "sourcePortRanges": [],
                            "destinationPortRanges": [],
                            "sourceAddressPrefixes": [],
                            "destinationAddressPrefixes": []
                        }
                    },
                    {
                        "name": "Inbound-HTTP",
                        "properties": {
                            "description": "Allow HTTP",
                            "protocol": "*",
                            "sourcePortRange": "*",
                            "destinationPortRange": "80",
                            "sourceAddressPrefix": "*",
                            "destinationAddressPrefix": "*",
                            "access": "Allow",
                            "priority": 120,
                            "direction": "Inbound",
                            "sourcePortRanges": [],
                            "destinationPortRanges": [],
                            "sourceAddressPrefixes": [],
                            "destinationAddressPrefixes": []
                        }
                    },
                    {
                        "name": "Inbound-HTTPS",
                        "properties": {
                            "description": "Allow HTTPS",
                            "protocol": "*",
                            "sourcePortRange": "*",
                            "destinationPortRange": "443",
                            "sourceAddressPrefix": "*",
                            "destinationAddressPrefix": "*",
                            "access": "Allow",
                            "priority": 130,
                            "direction": "Inbound",
                            "sourcePortRanges": [],
                            "destinationPortRanges": [],
                            "sourceAddressPrefixes": [],
                            "destinationAddressPrefixes": []
                        }
                    },
                    {
                        "name": "Inbound-FTP",
                        "properties": {
                            "description": "Allow FTP over port 21",
                            "protocol": "*",
                            "sourcePortRange": "*",
                            "destinationPortRange": "21",
                            "sourceAddressPrefix": "*",
                            "destinationAddressPrefix": "*",
                            "access": "Allow",
                            "priority": 140,
                            "direction": "Inbound",
                            "sourcePortRanges": [],
                            "destinationPortRanges": [],
                            "sourceAddressPrefixes": [],
                            "destinationAddressPrefixes": []
                        }
                    },
                    {
                        "name": "Inbound-FTPS",
                        "properties": {
                            "description": "Allow FTPS",
                            "protocol": "*",
                            "sourcePortRange": "*",
                            "destinationPortRange": "990",
                            "sourceAddressPrefix": "*",
                            "destinationAddressPrefix": "*",
                            "access": "Allow",
                            "priority": 150,
                            "direction": "Inbound",
                            "sourcePortRanges": [],
                            "destinationPortRanges": [],
                            "sourceAddressPrefixes": [],
                            "destinationAddressPrefixes": []
                        }
                    },
                    {
                        "name": "Inbound-FTP-Data",
                        "properties": {
                            "description": "RDP",
                            "protocol": "*",
                            "sourcePortRange": "*",
                            "destinationPortRange": "10001-10020",
                            "sourceAddressPrefix": "*",
                            "destinationAddressPrefix": "*",
                            "access": "Allow",
                            "priority": 160,
                            "direction": "Inbound",
                            "sourcePortRanges": [],
                            "destinationPortRanges": [],
                            "sourceAddressPrefixes": [],
                            "destinationAddressPrefixes": []
                        }
                    },
                    {
                        "name": "Inbound-Remote-Debugging",
                        "properties": {
                            "description": "Visual Studio remote debugging",
                            "protocol": "*",
                            "sourcePortRange": "*",
                            "destinationPortRange": "4016-4022",
                            "sourceAddressPrefix": "*",
                            "destinationAddressPrefix": "*",
                            "access": "Allow",
                            "priority": 170,
                            "direction": "Inbound",
                            "sourcePortRanges": [],
                            "destinationPortRanges": [],
                            "sourceAddressPrefixes": [],
                            "destinationAddressPrefixes": []
                        }
                    },
                    {
                        "name": "Outbound-443",
                        "properties": {
                            "description": "Azure Storage blob",
                            "protocol": "*",
                            "sourcePortRange": "*",
                            "destinationPortRange": "443",
                            "sourceAddressPrefix": "*",
                            "destinationAddressPrefix": "*",
                            "access": "Allow",
                            "priority": 100,
                            "direction": "Outbound",
                            "sourcePortRanges": [],
                            "destinationPortRanges": [],
                            "sourceAddressPrefixes": [],
                            "destinationAddressPrefixes": []
                        }
                    },
                    {
                        "name": "Outbound-DB",
                        "properties": {
                            "description": "Database",
                            "protocol": "*",
                            "sourcePortRange": "*",
                            "destinationPortRange": "1433",
                            "sourceAddressPrefix": "*",
                            "destinationAddressPrefix": "Sql",
                            "access": "Allow",
                            "priority": 110,
                            "direction": "Outbound",
                            "sourcePortRanges": [],
                            "destinationPortRanges": [],
                            "sourceAddressPrefixes": [],
                            "destinationAddressPrefixes": []
                        }
                    },
                    {
                        "name": "Outbound-DNS",
                        "properties": {
                            "description": "DNS",
                            "protocol": "*",
                            "sourcePortRange": "*",
                            "destinationPortRange": "53",
                            "sourceAddressPrefix": "*",
                            "destinationAddressPrefix": "*",
                            "access": "Allow",
                            "priority": 120,
                            "direction": "Outbound",
                            "sourcePortRanges": [],
                            "destinationPortRanges": [],
                            "sourceAddressPrefixes": [],
                            "destinationAddressPrefixes": []
                        }
                    },
                    {
                        "name": "ASE-internal-outbound",
                        "properties": {
                            "description": "Azure Storage queue",
                            "protocol": "*",
                            "sourcePortRange": "*",
                            "destinationPortRange": "*",
                            "sourceAddressPrefix": "*",
                            "destinationAddressPrefix": "192.168.250.0/24",
                            "access": "Allow",
                            "priority": 130,
                            "direction": "Outbound",
                            "sourcePortRanges": [],
                            "destinationPortRanges": [],
                            "sourceAddressPrefixes": [],
                            "destinationAddressPrefixes": []
                        }
                    },
                    {
                        "name": "Outbound-80",
                        "properties": {
                            "description": "Outbound 80",
                            "protocol": "*",
                            "sourcePortRange": "*",
                            "destinationPortRange": "80",
                            "sourceAddressPrefix": "*",
                            "destinationAddressPrefix": "*",
                            "access": "Allow",
                            "priority": 140,
                            "direction": "Outbound",
                            "sourcePortRanges": [],
                            "destinationPortRanges": [],
                            "sourceAddressPrefixes": [],
                            "destinationAddressPrefixes": []
                        }
                    },
                    {
                        "name": "ASE-to-VNET",
                        "properties": {
                            "description": "ASE to VNET",
                            "protocol": "*",
                            "sourcePortRange": "*",
                            "destinationPortRange": "*",
                            "sourceAddressPrefix": "*",
                            "destinationAddressPrefix": "192.168.250.0/23",
                            "access": "Allow",
                            "priority": 150,
                            "direction": "Outbound",
                            "sourcePortRanges": [],
                            "destinationPortRanges": [],
                            "sourceAddressPrefixes": [],
                            "destinationAddressPrefixes": []
                        }
                    },
                    {
                        "name": "Outbound-NTP",
                        "properties": {
                            "description": "Clock",
                            "protocol": "*",
                            "sourcePortRange": "*",
                            "destinationPortRange": "123",
                            "sourceAddressPrefix": "*",
                            "destinationAddressPrefix": "*",
                            "access": "Allow",
                            "priority": 160,
                            "direction": "Outbound",
                            "sourcePortRanges": [],
                            "destinationPortRanges": [],
                            "sourceAddressPrefixes": [],
                            "destinationAddressPrefixes": []
                        }
                    }
                ]
            }
        },
        {
            "type": "Microsoft.Network/routeTables",
            "apiVersion": "2019-09-01",
            "name": "[parameters('routeTables_smartscheduler_ase_Route_Table_name')]",
            "location": "centralus",
            "tags": {
                "displayName": "UDR - Subnet"
            },
            "properties": {
                "disableBgpRoutePropagation": false,
                "routes": [
                    {
                        "name": "smartscheduler-ase-route",
                        "properties": {
                            "addressPrefix": "0.0.0.0/0",
                            "nextHopType": "Internet"
                        }
                    }
                ]
            }
        },
        {
            "type": "Microsoft.Network/networkSecurityGroups/securityRules",
            "apiVersion": "2019-09-01",
            "name": "[concat(parameters('networkSecurityGroups_smartscheduler_ase_NSG_name'), '/ASE-internal-inbound')]",
            "dependsOn": [
                "[resourceId('Microsoft.Network/networkSecurityGroups', parameters('networkSecurityGroups_smartscheduler_ase_NSG_name'))]"
            ],
            "properties": {
                "description": "ASE-internal-inbound",
                "protocol": "*",
                "sourcePortRange": "*",
                "destinationPortRange": "*",
                "sourceAddressPrefix": "192.168.250.0/24",
                "destinationAddressPrefix": "*",
                "access": "Allow",
                "priority": 110,
                "direction": "Inbound",
                "sourcePortRanges": [],
                "destinationPortRanges": [],
                "sourceAddressPrefixes": [],
                "destinationAddressPrefixes": []
            }
        },
        {
            "type": "Microsoft.Network/networkSecurityGroups/securityRules",
            "apiVersion": "2019-09-01",
            "name": "[concat(parameters('networkSecurityGroups_smartscheduler_ase_NSG_name'), '/ASE-internal-outbound')]",
            "dependsOn": [
                "[resourceId('Microsoft.Network/networkSecurityGroups', parameters('networkSecurityGroups_smartscheduler_ase_NSG_name'))]"
            ],
            "properties": {
                "description": "Azure Storage queue",
                "protocol": "*",
                "sourcePortRange": "*",
                "destinationPortRange": "*",
                "sourceAddressPrefix": "*",
                "destinationAddressPrefix": "192.168.250.0/24",
                "access": "Allow",
                "priority": 130,
                "direction": "Outbound",
                "sourcePortRanges": [],
                "destinationPortRanges": [],
                "sourceAddressPrefixes": [],
                "destinationAddressPrefixes": []
            }
        },
        {
            "type": "Microsoft.Network/networkSecurityGroups/securityRules",
            "apiVersion": "2019-09-01",
            "name": "[concat(parameters('networkSecurityGroups_smartscheduler_ase_NSG_name'), '/ASE-to-VNET')]",
            "dependsOn": [
                "[resourceId('Microsoft.Network/networkSecurityGroups', parameters('networkSecurityGroups_smartscheduler_ase_NSG_name'))]"
            ],
            "properties": {
                "description": "ASE to VNET",
                "protocol": "*",
                "sourcePortRange": "*",
                "destinationPortRange": "*",
                "sourceAddressPrefix": "*",
                "destinationAddressPrefix": "192.168.250.0/23",
                "access": "Allow",
                "priority": 150,
                "direction": "Outbound",
                "sourcePortRanges": [],
                "destinationPortRanges": [],
                "sourceAddressPrefixes": [],
                "destinationAddressPrefixes": []
            }
        },
        {
            "type": "Microsoft.Network/networkSecurityGroups/securityRules",
            "apiVersion": "2019-09-01",
            "name": "[concat(parameters('networkSecurityGroups_smartscheduler_ase_NSG_name'), '/Inbound-FTP')]",
            "dependsOn": [
                "[resourceId('Microsoft.Network/networkSecurityGroups', parameters('networkSecurityGroups_smartscheduler_ase_NSG_name'))]"
            ],
            "properties": {
                "description": "Allow FTP over port 21",
                "protocol": "*",
                "sourcePortRange": "*",
                "destinationPortRange": "21",
                "sourceAddressPrefix": "*",
                "destinationAddressPrefix": "*",
                "access": "Allow",
                "priority": 140,
                "direction": "Inbound",
                "sourcePortRanges": [],
                "destinationPortRanges": [],
                "sourceAddressPrefixes": [],
                "destinationAddressPrefixes": []
            }
        },
        {
            "type": "Microsoft.Network/networkSecurityGroups/securityRules",
            "apiVersion": "2019-09-01",
            "name": "[concat(parameters('networkSecurityGroups_smartscheduler_ase_NSG_name'), '/Inbound-FTP-Data')]",
            "dependsOn": [
                "[resourceId('Microsoft.Network/networkSecurityGroups', parameters('networkSecurityGroups_smartscheduler_ase_NSG_name'))]"
            ],
            "properties": {
                "description": "RDP",
                "protocol": "*",
                "sourcePortRange": "*",
                "destinationPortRange": "10001-10020",
                "sourceAddressPrefix": "*",
                "destinationAddressPrefix": "*",
                "access": "Allow",
                "priority": 160,
                "direction": "Inbound",
                "sourcePortRanges": [],
                "destinationPortRanges": [],
                "sourceAddressPrefixes": [],
                "destinationAddressPrefixes": []
            }
        },
        {
            "type": "Microsoft.Network/networkSecurityGroups/securityRules",
            "apiVersion": "2019-09-01",
            "name": "[concat(parameters('networkSecurityGroups_smartscheduler_ase_NSG_name'), '/Inbound-FTPS')]",
            "dependsOn": [
                "[resourceId('Microsoft.Network/networkSecurityGroups', parameters('networkSecurityGroups_smartscheduler_ase_NSG_name'))]"
            ],
            "properties": {
                "description": "Allow FTPS",
                "protocol": "*",
                "sourcePortRange": "*",
                "destinationPortRange": "990",
                "sourceAddressPrefix": "*",
                "destinationAddressPrefix": "*",
                "access": "Allow",
                "priority": 150,
                "direction": "Inbound",
                "sourcePortRanges": [],
                "destinationPortRanges": [],
                "sourceAddressPrefixes": [],
                "destinationAddressPrefixes": []
            }
        },
        {
            "type": "Microsoft.Network/networkSecurityGroups/securityRules",
            "apiVersion": "2019-09-01",
            "name": "[concat(parameters('networkSecurityGroups_smartscheduler_ase_NSG_name'), '/Inbound-HTTP')]",
            "dependsOn": [
                "[resourceId('Microsoft.Network/networkSecurityGroups', parameters('networkSecurityGroups_smartscheduler_ase_NSG_name'))]"
            ],
            "properties": {
                "description": "Allow HTTP",
                "protocol": "*",
                "sourcePortRange": "*",
                "destinationPortRange": "80",
                "sourceAddressPrefix": "*",
                "destinationAddressPrefix": "*",
                "access": "Allow",
                "priority": 120,
                "direction": "Inbound",
                "sourcePortRanges": [],
                "destinationPortRanges": [],
                "sourceAddressPrefixes": [],
                "destinationAddressPrefixes": []
            }
        },
        {
            "type": "Microsoft.Network/networkSecurityGroups/securityRules",
            "apiVersion": "2019-09-01",
            "name": "[concat(parameters('networkSecurityGroups_smartscheduler_ase_NSG_name'), '/Inbound-HTTPS')]",
            "dependsOn": [
                "[resourceId('Microsoft.Network/networkSecurityGroups', parameters('networkSecurityGroups_smartscheduler_ase_NSG_name'))]"
            ],
            "properties": {
                "description": "Allow HTTPS",
                "protocol": "*",
                "sourcePortRange": "*",
                "destinationPortRange": "443",
                "sourceAddressPrefix": "*",
                "destinationAddressPrefix": "*",
                "access": "Allow",
                "priority": 130,
                "direction": "Inbound",
                "sourcePortRanges": [],
                "destinationPortRanges": [],
                "sourceAddressPrefixes": [],
                "destinationAddressPrefixes": []
            }
        },
        {
            "type": "Microsoft.Network/networkSecurityGroups/securityRules",
            "apiVersion": "2019-09-01",
            "name": "[concat(parameters('networkSecurityGroups_smartscheduler_ase_NSG_name'), '/Inbound-load-balancer-keep-alive')]",
            "dependsOn": [
                "[resourceId('Microsoft.Network/networkSecurityGroups', parameters('networkSecurityGroups_smartscheduler_ase_NSG_name'))]"
            ],
            "properties": {
                "description": "Allow communication to ASE from Load Balancer",
                "protocol": "*",
                "sourcePortRange": "*",
                "destinationPortRange": "16001",
                "sourceAddressPrefix": "AzureLoadBalancer",
                "destinationAddressPrefix": "*",
                "access": "Allow",
                "priority": 105,
                "direction": "Inbound",
                "sourcePortRanges": [],
                "destinationPortRanges": [],
                "sourceAddressPrefixes": [],
                "destinationAddressPrefixes": []
            }
        },
        {
            "type": "Microsoft.Network/networkSecurityGroups/securityRules",
            "apiVersion": "2019-09-01",
            "name": "[concat(parameters('networkSecurityGroups_smartscheduler_ase_NSG_name'), '/Inbound-management')]",
            "dependsOn": [
                "[resourceId('Microsoft.Network/networkSecurityGroups', parameters('networkSecurityGroups_smartscheduler_ase_NSG_name'))]"
            ],
            "properties": {
                "description": "Used to manage ASE from public VIP",
                "protocol": "*",
                "sourcePortRange": "*",
                "destinationPortRange": "454-455",
                "sourceAddressPrefix": "AppServiceManagement",
                "destinationAddressPrefix": "*",
                "access": "Allow",
                "priority": 100,
                "direction": "Inbound",
                "sourcePortRanges": [],
                "destinationPortRanges": [],
                "sourceAddressPrefixes": [],
                "destinationAddressPrefixes": []
            }
        },
        {
            "type": "Microsoft.Network/networkSecurityGroups/securityRules",
            "apiVersion": "2019-09-01",
            "name": "[concat(parameters('networkSecurityGroups_smartscheduler_ase_NSG_name'), '/Inbound-Remote-Debugging')]",
            "dependsOn": [
                "[resourceId('Microsoft.Network/networkSecurityGroups', parameters('networkSecurityGroups_smartscheduler_ase_NSG_name'))]"
            ],
            "properties": {
                "description": "Visual Studio remote debugging",
                "protocol": "*",
                "sourcePortRange": "*",
                "destinationPortRange": "4016-4022",
                "sourceAddressPrefix": "*",
                "destinationAddressPrefix": "*",
                "access": "Allow",
                "priority": 170,
                "direction": "Inbound",
                "sourcePortRanges": [],
                "destinationPortRanges": [],
                "sourceAddressPrefixes": [],
                "destinationAddressPrefixes": []
            }
        },
        {
            "type": "Microsoft.Network/networkSecurityGroups/securityRules",
            "apiVersion": "2019-09-01",
            "name": "[concat(parameters('networkSecurityGroups_smartscheduler_ase_NSG_name'), '/Outbound-443')]",
            "dependsOn": [
                "[resourceId('Microsoft.Network/networkSecurityGroups', parameters('networkSecurityGroups_smartscheduler_ase_NSG_name'))]"
            ],
            "properties": {
                "description": "Azure Storage blob",
                "protocol": "*",
                "sourcePortRange": "*",
                "destinationPortRange": "443",
                "sourceAddressPrefix": "*",
                "destinationAddressPrefix": "*",
                "access": "Allow",
                "priority": 100,
                "direction": "Outbound",
                "sourcePortRanges": [],
                "destinationPortRanges": [],
                "sourceAddressPrefixes": [],
                "destinationAddressPrefixes": []
            }
        },
        {
            "type": "Microsoft.Network/networkSecurityGroups/securityRules",
            "apiVersion": "2019-09-01",
            "name": "[concat(parameters('networkSecurityGroups_smartscheduler_ase_NSG_name'), '/Outbound-80')]",
            "dependsOn": [
                "[resourceId('Microsoft.Network/networkSecurityGroups', parameters('networkSecurityGroups_smartscheduler_ase_NSG_name'))]"
            ],
            "properties": {
                "description": "Outbound 80",
                "protocol": "*",
                "sourcePortRange": "*",
                "destinationPortRange": "80",
                "sourceAddressPrefix": "*",
                "destinationAddressPrefix": "*",
                "access": "Allow",
                "priority": 140,
                "direction": "Outbound",
                "sourcePortRanges": [],
                "destinationPortRanges": [],
                "sourceAddressPrefixes": [],
                "destinationAddressPrefixes": []
            }
        },
        {
            "type": "Microsoft.Network/networkSecurityGroups/securityRules",
            "apiVersion": "2019-09-01",
            "name": "[concat(parameters('networkSecurityGroups_smartscheduler_ase_NSG_name'), '/Outbound-DB')]",
            "dependsOn": [
                "[resourceId('Microsoft.Network/networkSecurityGroups', parameters('networkSecurityGroups_smartscheduler_ase_NSG_name'))]"
            ],
            "properties": {
                "description": "Database",
                "protocol": "*",
                "sourcePortRange": "*",
                "destinationPortRange": "1433",
                "sourceAddressPrefix": "*",
                "destinationAddressPrefix": "Sql",
                "access": "Allow",
                "priority": 110,
                "direction": "Outbound",
                "sourcePortRanges": [],
                "destinationPortRanges": [],
                "sourceAddressPrefixes": [],
                "destinationAddressPrefixes": []
            }
        },
        {
            "type": "Microsoft.Network/networkSecurityGroups/securityRules",
            "apiVersion": "2019-09-01",
            "name": "[concat(parameters('networkSecurityGroups_smartscheduler_ase_NSG_name'), '/Outbound-DNS')]",
            "dependsOn": [
                "[resourceId('Microsoft.Network/networkSecurityGroups', parameters('networkSecurityGroups_smartscheduler_ase_NSG_name'))]"
            ],
            "properties": {
                "description": "DNS",
                "protocol": "*",
                "sourcePortRange": "*",
                "destinationPortRange": "53",
                "sourceAddressPrefix": "*",
                "destinationAddressPrefix": "*",
                "access": "Allow",
                "priority": 120,
                "direction": "Outbound",
                "sourcePortRanges": [],
                "destinationPortRanges": [],
                "sourceAddressPrefixes": [],
                "destinationAddressPrefixes": []
            }
        },
        {
            "type": "Microsoft.Network/networkSecurityGroups/securityRules",
            "apiVersion": "2019-09-01",
            "name": "[concat(parameters('networkSecurityGroups_smartscheduler_ase_NSG_name'), '/Outbound-NTP')]",
            "dependsOn": [
                "[resourceId('Microsoft.Network/networkSecurityGroups', parameters('networkSecurityGroups_smartscheduler_ase_NSG_name'))]"
            ],
            "properties": {
                "description": "Clock",
                "protocol": "*",
                "sourcePortRange": "*",
                "destinationPortRange": "123",
                "sourceAddressPrefix": "*",
                "destinationAddressPrefix": "*",
                "access": "Allow",
                "priority": 160,
                "direction": "Outbound",
                "sourcePortRanges": [],
                "destinationPortRanges": [],
                "sourceAddressPrefixes": [],
                "destinationAddressPrefixes": []
            }
        },
        {
            "type": "Microsoft.Network/routeTables/routes",
            "apiVersion": "2019-09-01",
            "name": "[concat(parameters('routeTables_smartscheduler_ase_Route_Table_name'), '/smartscheduler-ase-route')]",
            "dependsOn": [
                "[resourceId('Microsoft.Network/routeTables', parameters('routeTables_smartscheduler_ase_Route_Table_name'))]"
            ],
            "properties": {
                "addressPrefix": "0.0.0.0/0",
                "nextHopType": "Internet"
            }
        },
        {
            "type": "Microsoft.Network/virtualNetworks/subnets",
            "apiVersion": "2019-09-01",
            "name": "[concat(parameters('virtualNetworks_smartscheduler_vnet_name'), '/GatewaySubnet')]",
            "dependsOn": [
                "[resourceId('Microsoft.Network/virtualNetworks', parameters('virtualNetworks_smartscheduler_vnet_name'))]"
            ],
            "properties": {
                "addressPrefix": "192.168.251.0/24",
                "delegations": [],
                "privateEndpointNetworkPolicies": "Enabled",
                "privateLinkServiceNetworkPolicies": "Enabled"
            }
        },
        {
            "type": "Microsoft.Network/virtualNetworks",
            "apiVersion": "2019-09-01",
            "name": "[parameters('virtualNetworks_smartscheduler_vnet_name')]",
            "location": "centralus",
            "dependsOn": [
                "[resourceId('Microsoft.Network/networkSecurityGroups', parameters('networkSecurityGroups_smartscheduler_ase_NSG_name'))]",
                "[resourceId('Microsoft.Network/routeTables', parameters('routeTables_smartscheduler_ase_Route_Table_name'))]"
            ],
            "properties": {
                "addressSpace": {
                    "addressPrefixes": [
                        "192.168.250.0/23"
                    ]
                },
                "subnets": [
                    {
                        "name": "smartscheduler-subnet",
                        "properties": {
                            "addressPrefix": "192.168.250.0/24",
                            "networkSecurityGroup": {
                                "id": "[resourceId('Microsoft.Network/networkSecurityGroups', parameters('networkSecurityGroups_smartscheduler_ase_NSG_name'))]"
                            },
                            "routeTable": {
                                "id": "[resourceId('Microsoft.Network/routeTables', parameters('routeTables_smartscheduler_ase_Route_Table_name'))]"
                            },
                            "delegations": [],
                            "privateEndpointNetworkPolicies": "Enabled",
                            "privateLinkServiceNetworkPolicies": "Enabled"
                        }
                    },
                    {
                        "name": "GatewaySubnet",
                        "properties": {
                            "addressPrefix": "192.168.251.0/24",
                            "delegations": [],
                            "privateEndpointNetworkPolicies": "Enabled",
                            "privateLinkServiceNetworkPolicies": "Enabled"
                        }
                    }
                ],
                "virtualNetworkPeerings": [],
                "enableDdosProtection": false,
                "enableVmProtection": false
            }
        },
        {
            "type": "Microsoft.Network/virtualNetworks/subnets",
            "apiVersion": "2019-09-01",
            "name": "[concat(parameters('virtualNetworks_smartscheduler_vnet_name'), '/smartscheduler-subnet')]",
            "dependsOn": [
                "[resourceId('Microsoft.Network/virtualNetworks', parameters('virtualNetworks_smartscheduler_vnet_name'))]",
                "[resourceId('Microsoft.Network/networkSecurityGroups', parameters('networkSecurityGroups_smartscheduler_ase_NSG_name'))]",
                "[resourceId('Microsoft.Network/routeTables', parameters('routeTables_smartscheduler_ase_Route_Table_name'))]"
            ],
            "properties": {
                "addressPrefix": "192.168.250.0/24",
                "networkSecurityGroup": {
                    "id": "[resourceId('Microsoft.Network/networkSecurityGroups', parameters('networkSecurityGroups_smartscheduler_ase_NSG_name'))]"
                },
                "routeTable": {
                    "id": "[resourceId('Microsoft.Network/routeTables', parameters('routeTables_smartscheduler_ase_Route_Table_name'))]"
                },
                "delegations": [],
                "privateEndpointNetworkPolicies": "Enabled",
                "privateLinkServiceNetworkPolicies": "Enabled"
            }
        }
    ]
}